{
  "train_loss": [
    0.3130414576205627,
    0.2778104044779531,
    0.27381793121812203,
    0.26758613873673914,
    0.26595419239601026,
    0.262927258239379,
    0.2584529290110451,
    0.2556095428869943,
    0.25413985756707147,
    0.2553530523793302,
    0.25257864511675304,
    0.25249043038374425
  ],
  "val_loss": [
    0.2619659664883535,
    0.2580225169045444,
    0.2519788113211899,
    0.25445265638730163,
    0.25277268954019977,
    0.24626118291184734,
    0.24646386743327717,
    0.24935702642295587,
    0.2447957772715592,
    0.24479161601498295,
    0.246402033010628,
    0.24675581530656343
  ],
  "val_accuracy": [
    0.598005789642972,
    0.601736892891605,
    0.6106143454486973,
    0.6084914763589578,
    0.6121582502412352,
    0.6205210678674815,
    0.6189771630749437,
    0.6123512383403024,
    0.6235445480862013,
    0.618912833708588,
    0.6180122225796076,
    0.6220649726600193
  ],
  "val_bleu1": [
    0.598005789642972,
    0.601736892891605,
    0.6106143454486973,
    0.6084914763589578,
    0.6121582502412352,
    0.6205210678674815,
    0.6189771630749437,
    0.6123512383403024,
    0.6235445480862013,
    0.618912833708588,
    0.6180122225796076,
    0.6220649726600193
  ],
  "val_f1": [
    0.598005789642972,
    0.601736892891605,
    0.6106143454486973,
    0.6084914763589578,
    0.6121582502412352,
    0.6205210678674815,
    0.6189771630749437,
    0.6123512383403024,
    0.6235445480862013,
    0.618912833708588,
    0.6180122225796076,
    0.6220649726600193
  ]
}