{
  "train_loss": [
    1.3741123387777565,
    1.1802376225690714,
    1.1092555869445704,
    1.0669823354922685,
    1.0347403483402808,
    1.004019325761587,
    0.9760487303137779,
    0.9504233499201352,
    0.9253175965441554,
    0.9103065844150198
  ],
  "val_loss": [
    1.1651399532162336,
    1.0929445629100876,
    1.062186888727059,
    1.0379583412907514,
    1.0202594639295601,
    0.998580272929127,
    0.9852477699162001,
    0.9690621592609056,
    0.9576705233509322,
    0.952345954944413
  ],
  "val_accuracy": [
    0.25445260929131897,
    0.2523352845933491,
    0.2689002366421721,
    0.270145721758625,
    0.26989662473533443,
    0.2726366919915307,
    0.2728857890148213,
    0.28260057292315355,
    0.08942583136131524,
    0.2595590982687757
  ],
  "val_bleu1": [
    0.2688483414289861,
    0.271930917092207,
    0.2892224021256279,
    0.29050940341262915,
    0.29497239174658524,
    0.29742184580894265,
    0.30483248225183707,
    0.31149582762485983,
    0.21605015153402246,
    0.3071366297172752
  ],
  "val_f1": [
    0.2847858130813243,
    0.2850150920110036,
    0.30343352074665386,
    0.30232214615821595,
    0.3056283270373383,
    0.31015073519549313,
    0.3096595071670749,
    0.3203551919294625,
    0.2614133725059868,
    0.33773815351405956
  ]
}