{
  "train_loss": [
    0.3716119884840185,
    0.3394756361093155,
    0.3359729804138027,
    0.3310272620902175,
    0.32935047712065346,
    0.326089707651624,
    0.3248871042404646,
    0.3238015038337447,
    0.3233104385829792,
    0.32354523342700653
  ],
  "val_loss": [
    0.34008475905092656,
    0.3240903447623606,
    0.3209254022672343,
    0.31699429841811766,
    0.3195889345657678,
    0.3142925661532477,
    0.31079774451108627,
    0.31343230939328426,
    0.31278631014465796,
    0.3103610360573349
  ],
  "val_accuracy": [
    0.5372145384367965,
    0.2663879060791251,
    0.31920231585718883,
    0.2612415567706658,
    0.2647796719202316,
    0.2517208105500161,
    0.45204245738179477,
    0.3493727886780315,
    0.24052750080411708,
    0.2696043743969122
  ],
  "val_bleu1": [
    0.5372145384367965,
    0.36870161895571524,
    0.44457489010399814,
    0.37026267824593284,
    0.3782234373324479,
    0.37669347056930547,
    0.5197598370322715,
    0.46203495228905267,
    0.36268146242091964,
    0.39604052750077257
  ],
  "val_f1": [
    0.5372145384367965,
    0.5418033519332293,
    0.5570073615097936,
    0.5713903390526082,
    0.5986503073048449,
    0.5597350600906508,
    0.5662593878194784,
    0.5623506426980213,
    0.5545709058207335,
    0.6181862455291267
  ]
}