{
  "train_loss": [
    1.4324416204186894,
    1.2079485895849715,
    1.1133663053280556,
    1.0544138417747997,
    1.011179428472615,
    0.9820604858632456,
    0.9592692821267867,
    0.9369039265501419,
    0.9194607861940093,
    0.9016816106518643
  ],
  "val_loss": [
    1.2316308299383794,
    1.1124144187011566,
    1.0498587954566774,
    1.011096242177059,
    0.9887223734086253,
    0.9747677711376631,
    0.9707679653547675,
    0.9604386266959141,
    0.9540007826816513,
    0.9481580260977802
  ],
  "val_accuracy": [
    0.2453605679412131,
    0.2522107360817038,
    0.259683646780421,
    0.2645410387345871,
    0.2702702702702703,
    0.27674679287582515,
    0.26354465064142485,
    0.23190932868352224,
    0.09079586498941337,
    0.23078839207871465
  ],
  "val_bleu1": [
    0.26217461701332573,
    0.27415203221654766,
    0.283140283140283,
    0.2863993025283348,
    0.29590650558392495,
    0.30506082118985345,
    0.29972599327438043,
    0.2885685224394903,
    0.30759330759330766,
    0.3068252584381619
  ],
  "val_f1": [
    0.276648667141791,
    0.2874804445621305,
    0.2941541994124515,
    0.29821817500169256,
    0.30778530602020243,
    0.3118913543117718,
    0.30943414465887176,
    0.3242364511061031,
    0.3884379146233314,
    0.3482373268832814
  ]
}