{
  "train_loss": [
    1.4431970434500867,
    1.3241927817763899,
    1.2176566171966143,
    1.14934726254452,
    1.1153247424920134,
    1.0918034476621838,
    1.0705588935755643,
    1.0456817353631827,
    1.0291724375530378,
    1.0093934649239051
  ],
  "val_loss": [
    1.2875171287126275,
    1.2037039527380133,
    1.1404484403560835,
    1.0975249827620517,
    1.0826642741245103,
    1.0756454531889987,
    1.0553781454306674,
    1.047618735121541,
    1.0393691761085238,
    1.028024026359695
  ],
  "val_accuracy": [
    0.2528334786399303,
    0.24560966496450368,
    0.25669448250093413,
    0.2625482625482625,
    0.26703200896749285,
    0.2563208369659983,
    0.2593100012454851,
    0.27749408394569686,
    0.28110599078341014,
    0.19641300286461577
  ],
  "val_bleu1": [
    0.2613027774318097,
    0.25581641549383605,
    0.2684414829576128,
    0.2803171835429899,
    0.2814817121268739,
    0.27151575538672384,
    0.28127205546560374,
    0.2985033420517291,
    0.30086976377298974,
    0.2643957321376676
  ],
  "val_f1": [
    0.25852155779772323,
    0.2744868035190616,
    0.28955069042992,
    0.2943913761008898,
    0.3027989480707643,
    0.2924971588709901,
    0.2933127820505535,
    0.3149549215126301,
    0.31706929913994203,
    0.28606520165379784
  ]
}