{
  "train_loss": [
    1.443668228967878,
    1.3299527545303307,
    1.3249773407642473,
    1.2792971882744124,
    1.2018216294830277,
    1.1744464842865132,
    1.1541949040537713,
    1.112883042769144,
    1.0959521349544492,
    1.0720813333888182
  ],
  "val_loss": [
    1.2877573104968585,
    1.275310998893829,
    1.2802664696932788,
    1.1995568788384061,
    1.155714062818018,
    1.1635108623371657,
    1.1160327053639993,
    1.1138416481208042,
    1.0946110760073262,
    1.0738821172144308
  ],
  "val_accuracy": [
    0.2568190310125794,
    0.25370531822144726,
    0.2613027774318097,
    0.2514634450118321,
    0.2427450491966621,
    0.25519990036119067,
    0.2598081952920663,
    0.26441649022294184,
    0.2702702702702703,
    0.268402042595591
  ],
  "val_bleu1": [
    0.26939843068875324,
    0.2593100012454851,
    0.26703200896749285,
    0.2728442728442723,
    0.258998629966373,
    0.2754390335035492,
    0.2815211524888941,
    0.285371777307261,
    0.29911778137584616,
    0.294193963548802
  ],
  "val_f1": [
    0.26520859653577933,
    0.2574913821315506,
    0.2651821923032821,
    0.28541498898553813,
    0.28044119001194545,
    0.2890432984451464,
    0.29488187913283426,
    0.2992803005282856,
    0.3084177839120066,
    0.31132154020699493
  ]
}