{
  "train_loss": [
    0.36804568020518497,
    0.3414423393653919,
    0.3360996764790549,
    0.3304378129213365,
    0.3231931325751217,
    0.3207206064063195,
    0.31940670157051804,
    0.319170870327077,
    0.316980074512948,
    0.315617385509258
  ],
  "val_loss": [
    0.33126958389095806,
    0.33509752185011105,
    0.3218083333208728,
    0.3152245177346983,
    0.3151199668952467,
    0.30576154494604457,
    0.31361358698626113,
    0.3047377147669655,
    0.3023014607927436,
    0.30039094434476193
  ],
  "val_accuracy": [
    0.5190093277581216,
    0.2524284335799292,
    0.09256995818591186,
    0.12910903827597298,
    0.4552589256995819,
    0.5103891926664522,
    0.5444837568349952,
    0.5486651656481184,
    0.558700546799614,
    0.562431650048247
  ],
  "val_bleu1": [
    0.5190093277581216,
    0.33997641256565747,
    0.30603945534469873,
    0.3167149136914305,
    0.5019620456738499,
    0.5475072370537151,
    0.5448054036667739,
    0.5486973303312962,
    0.5593760051463493,
    0.5625321667524447
  ],
  "val_f1": [
    0.5190093277581216,
    0.5259030216851498,
    0.5383680395350805,
    0.5560144953091212,
    0.5475323709675747,
    0.5704087180584209,
    0.5449661796225276,
    0.5487294950144741,
    0.5600514634930845,
    0.5625603087809585
  ]
}