{
  "train_loss": [
    0.30977141332190083,
    0.2653645405897335,
    0.25750588393742235,
    0.2533087432055982,
    0.25588384458903596,
    0.24849852753353077,
    0.2523976040862803,
    0.24647096578012068,
    0.24625283535208548,
    0.24430680326867776,
    0.23853048901985247,
    0.23157417097800728
  ],
  "val_loss": [
    0.2562045371581497,
    0.2460490891349659,
    0.2423507279329339,
    0.24076537248283747,
    0.23830669134119412,
    0.23852564609099808,
    0.24006568435042974,
    0.23828289360421184,
    0.23747162312391853,
    0.23615209365823142,
    0.2258539231409752,
    0.21897028953818137
  ],
  "val_accuracy": [
    0.605467996140238,
    0.544290768735928,
    0.5875844322933419,
    0.6317787069797363,
    0.6173045995496944,
    0.6353168221293021,
    0.6102926986169186,
    0.6355098102283693,
    0.6343518816339659,
    0.6391122547442908,
    0.6979736249597941,
    0.7129623673206819
  ],
  "val_bleu1": [
    0.6091026053393374,
    0.5827704513777203,
    0.6085236410421357,
    0.6317787069797363,
    0.6276616275329688,
    0.635574139594725,
    0.6222043529537901,
    0.6355098102283693,
    0.6343518816339659,
    0.6391122547442908,
    0.6979736249597941,
    0.7129945320038598
  ],
  "val_f1": [
    0.6127372145384368,
    0.623190734911132,
    0.6294628497909296,
    0.6317787069797363,
    0.6380186555162431,
    0.635831457060148,
    0.6343197153198017,
    0.6355098102283693,
    0.6343518816339659,
    0.6391122547442908,
    0.6979736249597941,
    0.7130266966870377
  ]
}